arxiv_id,title,year,domain,url,description,abstract,affiliations
2404.08705,L2M3: A Multilingual Medical Large Language Model to Advance Health Equity in Low-Resource Regions,2024,Healthcare,https://arxiv.org/abs/2404.08705,"Modular multilingual medical LLM with MT integration for LMICs, targeting health worker shortage","Addressing the imminent shortfall of 10 million health workers by 2030, predominantly in Low- and Middle-Income Countries (LMICs), this paper introduces an innovative approach that harnesses the power of Large Language Models (LLMs) integrated with machine translation models. This solution is engineered to meet the unique needs of Community Health Workers (CHWs), overcoming language barriers, cultural sensitivities, and the limited availability of medical dialog datasets. I have crafted a model that not only boasts superior translation capabilities but also undergoes rigorous fine-tuning on open-source datasets to ensure medical accuracy and is equipped with comprehensive safety features to counteract the risks of misinformation.   Featuring a modular design, this approach is specifically structured for swift adaptation across various linguistic and cultural contexts, utilizing open-source components to significantly reduce healthcare operational costs. This strategic innovation markedly improves the accessibility and quality of healthcare services by providing CHWs with contextually appropriate medical knowledge and diagnostic tools. This paper highlights the transformative impact of this context-aware LLM, underscoring its crucial role in addressing the global healthcare workforce deficit and propelling forward healthcare outcomes in LMICs.",University of Washington
2410.10626,Efficiently Democratizing Medical LLMs for 50 Languages via a Mixture of Language Family Experts,2024,Healthcare,https://arxiv.org/abs/2410.10626,Scales medical LLMs to 50 languages via language family experts without adding parameters,"Adapting medical Large Language Models to local languages can reduce barriers to accessing healthcare services, but data scarcity remains a significant challenge, particularly for low-resource languages. To address this, we first construct a high-quality medical dataset and conduct analysis to ensure its quality. In order to leverage the generalization capability of multilingual LLMs to efficiently scale to more resource-constrained languages, we explore the internal information flow of LLMs from a multilingual perspective using Mixture of Experts (MoE) modularity. Technically, we propose a novel MoE routing method that employs language-specific experts and cross-lingual routing. Inspired by circuit theory, our routing analysis revealed a Spread Out in the End information flow mechanism: while earlier layers concentrate cross-lingual information flow, the later layers exhibit language-specific divergence. This insight directly led to the development of the Post-MoE architecture, which applies sparse routing only in the later layers while maintaining dense others. Experimental results demonstrate that this approach enhances the generalization of multilingual models to other languages while preserving interpretability. Finally, to efficiently scale the model to 50 languages, we introduce the concept of language family experts, drawing on linguistic priors, which enables scaling the number of languages without adding additional parameters.",The Chinese University of Hong Kong Shenzhen
2402.10373,BioMistral: A Collection of Open-Source Pretrained Large Language Models for Medical Domains,2024,Healthcare,https://arxiv.org/abs/2402.10373,Open-source biomedical LLM based on Mistral 7B with multilingual evaluation across 7 languages,"Large Language Models (LLMs) have demonstrated remarkable versatility in recent years, offering potential applications across specialized domains such as healthcare and medicine. Despite the availability of various open-source LLMs tailored for health contexts, adapting general-purpose LLMs to the medical domain presents significant challenges. In this paper, we introduce BioMistral, an open-source LLM tailored for the biomedical domain, utilizing Mistral as its foundation model and further pre-trained on PubMed Central. We conduct a comprehensive evaluation of BioMistral on a benchmark comprising 10 established medical question-answering (QA) tasks in English. We also explore lightweight models obtained through quantization and model merging approaches. Our results demonstrate BioMistral's superior performance compared to existing open-source medical models and its competitive edge against proprietary counterparts. Finally, to address the limited availability of data beyond English and to assess the multilingual generalization of medical LLMs, we automatically translated and evaluated this benchmark into 7 other languages. This marks the first large-scale multilingual evaluation of LLMs in the medical domain. Datasets, multilingual evaluation benchmarks, scripts, and all the models obtained during our experiments are freely released.",Avignon Université; Nantes Université; CHU de Nantes; Zenidoc
2402.13963,Towards Building Multilingual Language Model for Medicine,2024,Healthcare,https://arxiv.org/abs/2402.13963,MMed-Llama 3 (8B) with multilingual medical corpus and benchmark across 6 languages,"The development of open-source, multilingual medical language models can benefit a wide, linguistically diverse audience from different regions. To promote this domain, we present contributions from the following: First, we construct a multilingual medical corpus, containing approximately 25.5B tokens encompassing 6 main languages, termed as MMedC, enabling auto-regressive domain adaptation for general LLMs; Second, to monitor the development of multilingual medical LLMs, we propose a multilingual medical multi-choice question-answering benchmark with rationale, termed as MMedBench; Third, we have assessed a number of open-source large language models (LLMs) on our benchmark, along with those further auto-regressive trained on MMedC. Our final model, MMed-Llama 3, with only 8B parameters, achieves superior performance compared to all other open-source models on both MMedBench and English benchmarks, even rivaling GPT-4. In conclusion, in this work, we present a large-scale corpus, a benchmark and a series of models to support the development of multilingual medical LLMs.",Shanghai Jiao Tong University; Shanghai AI Laboratory
2311.16079,MEDITRON-70B: Scaling Medical Pretraining for Large Language Models,2023,Healthcare,https://arxiv.org/abs/2311.16079,Open-source medical LLM (7B and 70B) pretrained on clinical guidelines and medical literature,"Large language models (LLMs) can potentially democratize access to medical knowledge. While many efforts have been made to harness and improve LLMs' medical knowledge and reasoning capacities, the resulting models are either closed-source (e.g., PaLM, GPT-4) or limited in scale (<= 13B parameters), which restricts their abilities. In this work, we improve access to large-scale medical LLMs by releasing MEDITRON: a suite of open-source LLMs with 7B and 70B parameters adapted to the medical domain. MEDITRON builds on Llama-2 (through our adaptation of Nvidia's Megatron-LM distributed trainer), and extends pretraining on a comprehensively curated medical corpus, including selected PubMed articles, abstracts, and internationally-recognized medical guidelines. Evaluations using four major medical benchmarks show significant performance gains over several state-of-the-art baselines before and after task-specific finetuning. Overall, MEDITRON achieves a 6% absolute performance gain over the best public baseline in its parameter class and 3% over the strongest baseline we finetuned from Llama-2. Compared to closed-source LLMs, MEDITRON-70B outperforms GPT-3.5 and Med-PaLM and is within 5% of GPT-4 and 10% of Med-PaLM-2. We release our code for curating the medical pretraining corpus and the MEDITRON model weights to drive open-source development of more capable medical LLMs.",EPFL; Yale School of Medicine; Idiap Research Institute; Open Assistant; Yale
s44360-025-00038-1,Large Language Models for Frontline Healthcare Support in Low-Resource Settings,2025,Healthcare,https://www.nature.com/articles/s44360-025-00038-1,Testing 5 LLMs with community health workers in Rwanda across 4 districts,"Large language models (LLMs) have demonstrated strong performance in medical contexts; however, existing benchmarks often fail to reflect the real-world complexity of low-resource health systems accurately. Here we develop a dataset of 5,609 clinical questions contributed by 101 community health workers across 4 Rwandan districts and compared responses generated by 5 LLMs (Gemini-2, GPT-4o, o3-mini, Deepseek R1 and Meditron-70B) with those from local clinicians. A subset of 524 question–answer pairs was evaluated using a rubric of 11 expert-rated metrics, scored on a 5-point Likert scale. Gemini-2 and GPT-4o were the best performers (achieving mean scores of 4.49 and 4.48 out of 5, respectively, across all 11 metrics). All LLMs significantly outperformed local clinicians (P < 0.001) across all metrics, with Gemini-2, for example, surpassing local general practitioners by an average of 0.83 points on every metric (range 0.38–1.10). Although performance degraded slightly when LLMs communicated in Kinyarwanda, the LLMs remained superior to clinicians and were over 500 times cheaper per response. These findings support the potential of LLMs to strengthen frontline care quality in low-resource, multilingual health systems.",Digital Umuganda; PATH; Butaro Teaching Hospital; Rwanda Centre for the Fourth Industrial Revolution; University of Birmingham; Foundation for Appropriate Technologies for Health; Rwanda Biomedical Centre
2409.10913,ASHABot: An LLM-Powered Chatbot to Support the Informational Needs of Community Health Workers,2024,Healthcare,https://arxiv.org/abs/2409.10913,WhatsApp-based multilingual chatbot (Hindi/English/Hinglish) deployed with health workers in Rajasthan,"Community health workers (CHWs) provide last-mile healthcare services but face challenges due to limited medical knowledge and training. This paper describes the design, deployment, and evaluation of ASHABot, an LLM-powered, experts-in-the-loop, WhatsApp-based chatbot to address the information needs of CHWs in India. Through interviews with CHWs and their supervisors and log analysis, we examine factors affecting their engagement with ASHABot, and ASHABot's role in addressing CHWs' informational needs. We found that ASHABot provided a private channel for CHWs to ask rudimentary and sensitive questions they hesitated to ask supervisors. CHWs trusted the information they received on ASHABot and treated it as an authoritative resource. CHWs' supervisors expanded their knowledge by contributing answers to questions ASHABot failed to answer, but were concerned about demands on their workload and increased accountability. We emphasize positioning LLMs as supplemental fallible resources within the community healthcare ecosystem, instead of as replacements for supervisor support.",Microsoft Research India; Cornell University; Khushi Baby
2410.23890,Leveraging LLMs for MT in Crisis Scenarios: A Blueprint for Low-Resource Languages,2024,Crisis Response,https://arxiv.org/abs/2410.23890,Pipeline for rapidly building multilingual MT systems for crisis deployment in minority languages,"In an evolving landscape of crisis communication, the need for robust and adaptable Machine Translation (MT) systems is more pressing than ever, particularly for low-resource languages. This study presents a comprehensive exploration of leveraging Large Language Models (LLMs) and Multilingual LLMs (MLLMs) to enhance MT capabilities in such scenarios. By focusing on the unique challenges posed by crisis situations where speed, accuracy, and the ability to handle a wide range of languages are paramount, this research outlines a novel approach that combines the cutting-edge capabilities of LLMs with fine-tuning techniques and community-driven corpus development strategies. At the core of this study is the development and empirical evaluation of MT systems tailored for two low-resource language pairs, illustrating the process from initial model selection and fine-tuning through to deployment. Bespoke systems are developed and modelled on the recent Covid-19 pandemic. The research highlights the importance of community involvement in creating highly specialised, crisis-specific datasets and compares custom GPTs with NLLB-adapted MLLM models. It identifies fine-tuned MLLM models as offering superior performance compared with their LLM counterparts. A scalable and replicable model for rapid MT system development in crisis scenarios is outlined. Our approach enhances the field of humanitarian technology by offering a blueprint for developing multilingual communication systems during emergencies.",ADAPT Centre; Dublin City University; Munster Technological University
2210.04573,HumSet: Dataset of Multilingual Information Extraction and Classification for Humanitarian Crisis Response,2022,Crisis Response,https://arxiv.org/abs/2210.04573,Multilingual humanitarian dataset in English/French/Spanish for crisis NLP systems,"Timely and effective response to humanitarian crises requires quick and accurate analysis of large amounts of text data - a process that can highly benefit from expert-assisted NLP systems trained on validated and annotated data in the humanitarian response domain. To enable creation of such NLP systems, we introduce and release HumSet, a novel and rich multilingual dataset of humanitarian response documents annotated by experts in the humanitarian response community. The dataset provides documents in three languages (English, French, Spanish) and covers a variety of humanitarian crises from 2018 to 2021 across the globe. For each document, HUMSET provides selected snippets (entries) as well as assigned classes to each entry annotated using common humanitarian information analysis frameworks. HUMSET also provides novel and challenging entry extraction and multi-label entry classification tasks. In this paper, we take a first step towards approaching these tasks and conduct a set of experiments on Pre-trained Language Models (PLM) to establish strong baselines for future research in this domain. The dataset is available at https://blog.thedeep.io/humset/.",Data Friendly Space; Johannes Kepler University Linz; ToggleCorp Solutions
2410.06370,HumVI: A Multilingual Dataset for Detecting Violent Incidents Impacting Humanitarian Aid,2024,Crisis Response,https://arxiv.org/abs/2410.06370,Multilingual dataset for detecting violent incidents affecting humanitarian operations,"Humanitarian organizations can enhance their effectiveness by analyzing data to discover trends, gather aggregated insights, manage their security risks, support decision-making, and inform advocacy and funding proposals. However, data about violent incidents with direct impact and relevance for humanitarian aid operations is not readily available. An automatic data collection and NLP-backed classification framework aligned with humanitarian perspectives can help bridge this gap. In this paper, we present HumVI - a dataset comprising news articles in three languages (English, French, Arabic) containing instances of different types of violent incidents categorized by the humanitarian sector they impact, e.g., aid security, education, food security, health, and protection. Reliable labels were obtained for the dataset by partnering with a data-backed humanitarian organization, Insecurity Insight. We provide multiple benchmarks for the dataset, employing various deep learning architectures and techniques, including data augmentation and mask loss, to address different task-related challenges, e.g., domain expansion. The dataset is publicly available at https://github.com/dataminr-ai/humvi-dataset.",Dataminr; Insecurity Insight; Northwestern University
2602.12284,A Lightweight LLM Framework for Disaster Humanitarian Information Classification,2026,Crisis Response,https://arxiv.org/abs/2602.12284,Lightweight LLM with LoRA and RAG for crisis informatics with multilingual support,"Timely classification of humanitarian information from social media is critical for effective disaster response. However, deploying large language models (LLMs) for this task faces challenges in resource-constrained emergency settings. This paper develops a lightweight, cost-effective framework for disaster tweet classification using parameter-efficient fine-tuning. We construct a unified experimental corpus by integrating and normalizing the HumAID dataset (76,484 tweets across 19 disaster events) into a dual-task benchmark: humanitarian information categorization and event type identification. Through systematic evaluation of prompting strategies, LoRA fine-tuning, and retrieval-augmented generation (RAG) on Llama 3.1 8B, we demonstrate that: (1) LoRA achieves 79.62% humanitarian classification accuracy (+37.79% over zero-shot) while training only ~2% of parameters; (2) QLoRA enables efficient deployment with 99.4% of LoRA performance at 50% memory cost; (3) contrary to common assumptions, RAG strategies degrade fine-tuned model performance due to label noise from retrieved examples. These findings establish a practical, reproducible pipeline for building reliable crisis intelligence systems with limited computational resources.",Sungkyunkwan University; University of Leeds
2507.07877,Edge-ASR: Towards Low-Bit Quantization of Automatic Speech Recognition Models,2025,Speech,https://arxiv.org/abs/2507.07877,Benchmark of 8 PTQ methods on Whisper and Moonshine for edge ASR deployment,"Recent advances in Automatic Speech Recognition (ASR) have demonstrated remarkable accuracy and robustness in diverse audio applications, such as live transcription and voice command processing. However, deploying these models on resource-constrained edge devices (e.g., IoT device, wearables) still presents substantial challenges due to strict limits on memory, compute and power. Quantization, particularly Post-Training Quantization (PTQ), offers an effective way to reduce model size and inference cost without retraining. Despite its importance, the performance implications of various advanced quantization methods and bit-width configurations on ASR models remain unclear. In this work, we present a comprehensive benchmark of eight state-of-the-art (SOTA) PTQ methods applied to two leading edge-ASR model families, Whisper and Moonshine. We systematically evaluate model performances (i.e., accuracy, memory I/O and bit operations) across seven diverse datasets from the open ASR leader-board, analyzing the impact of quantization and various configurations on both weights and activations. Built on an extension of the LLM compression toolkit, our framework integrates edge-ASR models, diverse advanced quantization algorithms, a unified calibration and evaluation data pipeline, with detailed analysis tools. Our results characterize the trade-offs between efficiency and accuracy, demonstrating that even $3$-bit quantization can succeed on high capacity models when using advanced PTQ techniques. These findings provide valuable insights for optimizing ASR models on low-power, always-on edge devices.",Qualcomm AI Research
2509.02523,Flavors of Moonshine: Tiny Specialized ASR Models for Edge Devices,2025,Speech,https://arxiv.org/abs/2509.02523,27M-param multilingual ASR for 6 languages (Arabic/Chinese/Japanese/Korean/Ukrainian/Vietnamese) on edge,"We present the Flavors of Moonshine, a suite of tiny automatic speech recognition (ASR) models specialized for a range of underrepresented languages. Prevailing wisdom suggests that multilingual ASR models outperform monolingual counterparts by exploiting cross-lingual phonetic similarities. We challenge this assumption, showing that for sufficiently small models (27M parameters), training monolingual systems on a carefully balanced mix of high-quality human-labeled, pseudo-labeled, and synthetic data yields substantially superior performance. On average, our models achieve error rates 48% lower than the comparably sized Whisper Tiny model, outperform the 9x larger Whisper Small model, and in most cases match or outperform the 28x larger Whisper Medium model. These results advance the state of the art for models of this size, enabling accurate on-device ASR for languages that previously had limited support. We release Arabic, Chinese, Japanese, Korean, Ukrainian, and Vietnamese Moonshine models under a permissive open-source license.",Moonshine AI
2507.10860,WhisperKit: On-device Real-time ASR with Billion-Scale Transformers,2025,Speech,https://arxiv.org/abs/2507.10860,Whisper Large v3 Turbo on Apple Neural Engine for real-time on-device multilingual transcription,"Real-time Automatic Speech Recognition (ASR) is a fundamental building block for many commercial applications of ML, including live captioning, dictation, meeting transcriptions, and medical scribes. Accuracy and latency are the most important factors when companies select a system to deploy. We present WhisperKit, an optimized on-device inference system for real-time ASR that significantly outperforms leading cloud-based systems. We benchmark against server-side systems that deploy a diverse set of models, including a frontier model (OpenAI gpt-4o-transcribe), a proprietary model (Deepgram nova-3), and an open-source model (Fireworks large-v3-turbo).Our results show that WhisperKit matches the lowest latency at 0.46s while achieving the highest accuracy 2.2% WER. The optimizations behind the WhisperKit system are described in detail in this paper.",Argmax Inc.; University of California Los Angeles
2512.12769,Adaptive Edge-Cloud Inference for Speech-to-Action Systems Using ASR and Large Language Models,2025,Speech,https://arxiv.org/abs/2512.12769,ASTA: adaptive routing between on-device ASR and cloud LLM for voice commands,"Voice-based interaction has emerged as a natural and intuitive modality for controlling IoT devices. However, speech-driven edge devices face a fundamental trade-off between cloud-based solutions, which offer stronger language understanding capabilities at the cost of latency, connectivity dependence, and privacy concerns, and edge-based solutions, which provide low latency and improved privacy but are limited by computational constraints. This paper presents ASTA, an adaptive speech-to-action solution that dynamically routes voice commands between edge and cloud inference to balance performance and system resource utilization. ASTA integrates on-device automatic speech recognition and lightweight offline language-model inference with cloud-based LLM processing, guided by real-time system metrics such as CPU workload, device temperature, and network latency. A metric-aware routing mechanism selects the inference path at runtime, while a rule-based command validation and repair component ensures successful end-to-end command execution. We implemented our solution on an NVIDIA Jetson-based edge platform and evaluated it using a diverse dataset of 80 spoken commands. Experimental results show that ASTA successfully routes all input commands for execution, achieving a balanced distribution between online and offline inference. The system attains an ASR accuracy of 62.5% and generates executable commands without repair for only 47.5% of inputs, highlighting the importance of the repair mechanism in improving robustness. These results suggest that adaptive edge-cloud orchestration is a viable approach for resilient and resource-aware voice-controlled IoT systems.",University of Nebraska-Lincoln
2503.09905,Quantization for OpenAI Whisper Models: A Comparative Analysis,2025,Speech,https://arxiv.org/abs/2503.09905,First comparative study of quantization methods on Whisper-small for edge deployment,"Automated speech recognition (ASR) models have gained prominence for applications such as captioning, speech translation, and live transcription. This paper studies Whisper and two model variants: one optimized for live speech streaming and another for offline transcription. Notably, these models have been found to generate hallucinated content, reducing transcription reliability. Furthermore, larger model variants exhibit increased latency and pose challenges for deployment on resource-constrained devices. This study analyzes the similarities and differences between three Whisper models, qualitatively examining their distinct capabilities. Next, this study quantifies the impact of model quantization on latency and evaluates its viability for edge deployment. Using the open source LibriSpeech dataset, this paper evaluates the word error rate (WER) along with latency analysis of whispercpp using 3 quantization methods (INT4, INT5, INT8). Results show that quantization reduces latency by 19\% and model size by 45\%, while preserving transcription accuracy. These findings provide insights into the optimal use cases of different Whisper models and edge device deployment possibilities. All code, datasets, and implementation details are available in a public GitHub repository: https://github.com/allisonandreyev/WhisperQuantization.git",Independent Researcher
2501.08284,AfriHate: A Multilingual Collection of Hate Speech and Abusive Language Datasets for African Languages,2025,Content Moderation,https://arxiv.org/abs/2501.08284,Hate speech dataset covering 15 African languages with culturally-aligned annotations,"Hate speech and abusive language are global phenomena that need socio-cultural background knowledge to be understood, identified, and moderated. However, in many regions of the Global South, there have been several documented occurrences of (1) absence of moderation and (2) censorship due to the reliance on keyword spotting out of context. Further, high-profile individuals have frequently been at the center of the moderation process, while large and targeted hate speech campaigns against minorities have been overlooked. These limitations are mainly due to the lack of high-quality data in the local languages and the failure to include local communities in the collection, annotation, and moderation processes. To address this issue, we present AfriHate: a multilingual collection of hate speech and abusive language datasets in 15 African languages. Each instance in AfriHate is annotated by native speakers familiar with the local culture. We report the challenges related to the construction of the datasets and present various classification baseline results with and without using LLMs. The datasets, individual annotations, and hate speech and offensive language lexicons are available on https://github.com/AfriHate/AfriHate",Imperial College London; Bayero University Kano; University of Pretoria; Bahir Dar University; University of Hamburg; Mila; McGill University; Northeastern University; Maseno University; Digital Umuganda; HausaNLP; Haramaya University; Al Akhawayn University; Uppsala University; Istanbul Technical University; SADiLaR; University of Deusto; Instituto Politécnico Nacional; Wollo University; Addis Ababa University; Lancaster University; Bocconi University; Cardiff University
2505.14272,Data-Efficient Hate Speech Detection via Cross-Lingual Nearest Neighbor Retrieval,2025,Content Moderation,https://arxiv.org/abs/2505.14272,Few-shot cross-lingual hate speech detection using efficient retrieval from multilingual pool,"Considering the importance of detecting hateful language, labeled hate speech data is expensive and time-consuming to collect, particularly for low-resource languages. Prior work has demonstrated the effectiveness of cross-lingual transfer learning and data augmentation in improving performance on tasks with limited labeled data. To develop an efficient and scalable cross-lingual transfer learning approach, we leverage nearest-neighbor retrieval to augment minimal labeled data in the target language, thereby enhancing detection performance. Specifically, we assume access to a small set of labeled training instances in the target language and use these to retrieve the most relevant labeled examples from a large multilingual hate speech detection pool. We evaluate our approach on eight languages and demonstrate that it consistently outperforms models trained solely on the target language data. Furthermore, in most cases, our method surpasses the current state-of-the-art. Notably, our approach is highly data-efficient, retrieving as small as 200 instances in some cases while maintaining superior performance. Moreover, it is scalable, as the retrieval pool can be easily expanded, and the method can be readily adapted to new languages and tasks. We also apply maximum marginal relevance to mitigate redundancy and filter out highly similar retrieved instances, resulting in improvements in some languages.",Technical University of Munich; Munich Center for Machine Learning
2412.04942,A Federated Approach to Few-Shot Hate Speech Detection for Marginalized Communities,2024,Content Moderation,https://arxiv.org/abs/2412.04942,Privacy-preserving federated few-shot hate speech detection for low-resource communities,"Hate speech online remains an understudied issue for marginalized communities, particularly in the Global South, which includes developing societies with increasing internet penetration. In this paper, we aim to provide marginalized communities in societies where the dominant language is low-resource with a privacy-preserving tool to protect themselves from online hate speech by filtering offensive content in their native languages. Our contributions are twofold: 1) we release REACT (REsponsive hate speech datasets Across ConTexts), a collection of high-quality, culture-specific hate speech detection datasets comprising multiple target groups and low-resource languages, curated by experienced data collectors; 2) we propose a few-shot hate speech detection approach based on federated learning (FL), a privacy-preserving method for collaboratively training a central model that exhibits robustness when tackling different target groups and languages. By keeping training local to user devices, we ensure data privacy while leveraging the collective learning benefits of FL. Furthermore, we explore personalized client models tailored to specific target groups and evaluate their performance. Our findings indicate the overall effectiveness of FL across different target groups, and point to personalization as a promising direction.",LMU Munich; Munich Center for Machine Learning; Bielefeld University
2512.01439,Multilingual Conversational AI for Financial Assistance: Bridging Language Barriers in Indian FinTech,2025,Finance,https://arxiv.org/abs/2512.01439,Hermes-3-8B for multilingual financial chatbot serving 22 Indian languages,"India's linguistic diversity presents both opportunities and challenges for fintech platforms. While the country has 31 major languages and over 100 minor ones, only 10\% of the population understands English, creating barriers to financial inclusion. We present a multilingual conversational AI system for a financial assistance use case that supports code-mixed languages like Hinglish, enabling natural interactions for India's diverse user base. Our system employs a multi-agent architecture with language classification, function management, and multilingual response generation. Through comparative analysis of multiple language models and real-world deployment, we demonstrate significant improvements in user engagement while maintaining low latency overhead (4-8\%). This work contributes to bridging the language gap in digital financial services for emerging markets.",TIFIN India
2306.06031,FinGPT: Open-Source Financial Large Language Models,2023,Finance,https://arxiv.org/abs/2306.06031,Open-source financial LLM using LoRA/QLoRA reducing 6.17B params to 3.67M trainable,"Large language models (LLMs) have shown the potential of revolutionizing natural language processing tasks in diverse domains, sparking great interest in finance. Accessing high-quality financial data is the first challenge for financial LLMs (FinLLMs). While proprietary models like BloombergGPT have taken advantage of their unique data accumulation, such privileged access calls for an open-source alternative to democratize Internet-scale financial data.   In this paper, we present an open-source large language model, FinGPT, for the finance sector. Unlike proprietary models, FinGPT takes a data-centric approach, providing researchers and practitioners with accessible and transparent resources to develop their FinLLMs. We highlight the importance of an automatic data curation pipeline and the lightweight low-rank adaptation technique in building FinGPT. Furthermore, we showcase several potential applications as stepping stones for users, such as robo-advising, algorithmic trading, and low-code development. Through collaborative efforts within the open-source AI4Finance community, FinGPT aims to stimulate innovation, democratize FinLLMs, and unlock new opportunities in open finance. Two associated code repos are https://github.com/AI4Finance-Foundation/FinGPT and https://github.com/AI4Finance-Foundation/FinNLP",AI4Finance Foundation; Columbia University; NYU Shanghai
2603.11358,Multilingual Financial Fraud Detection Using Machine Learning and Transformer Models,2026,Finance,https://arxiv.org/abs/2603.11358,Bangla-English multilingual financial fraud detection with transformer models,"Financial fraud detection has emerged as a critical research challenge amid the rapid expansion of digital financial platforms. Although machine learning approaches have demonstrated strong performance in identifying fraudulent activities, most existing research focuses exclusively on English-language data, limiting applicability to multilingual contexts. Bangla (Bengali), despite being spoken by over 250 million people, remains largely unexplored in this domain. In this work, we investigate financial fraud detection in a multilingual Bangla-English setting using a dataset comprising legitimate and fraudulent financial messages. We evaluate classical machine learning models (Logistic Regression, Linear SVM, and Ensemble classifiers) using TF-IDF features alongside transformer-based architectures. Experimental results using 5-fold stratified cross-validation demonstrate that Linear SVM achieves the best performance with 91.59 percent accuracy and 91.30 percent F1 score, outperforming the transformer model (89.49 percent accuracy, 88.88 percent F1) by approximately 2 percentage points. The transformer exhibits higher fraud recall (94.19 percent) but suffers from elevated false positive rates. Exploratory analysis reveals distinctive patterns: scam messages are longer, contain urgency-inducing terms, and frequently include URLs (32 percent) and phone numbers (97 percent), while legitimate messages feature transactional confirmations and specific currency references. Our findings highlight that classical machine learning with well-crafted features remains competitive for multilingual fraud detection, while also underscoring the challenges posed by linguistic diversity, code-mixing, and low-resource language constraints.",Augusta University; University of Houston
2409.08916,Farmer.Chat: Scaling AI-Powered Agricultural Services for Smallholder Farmers,2024,Agriculture,https://arxiv.org/abs/2409.08916,RAG-based multilingual chatbot deployed in Kenya/India/Ethiopia/Nigeria serving 15K+ farmers in 6 languages,"Small and medium-sized agricultural holders face challenges like limited access to localized, timely information, impacting productivity and sustainability. Traditional extension services, which rely on in-person agents, struggle with scalability and timely delivery, especially in remote areas. We introduce FarmerChat, a generative AI-powered chatbot designed to address these issues. Leveraging Generative AI, FarmerChat offers personalized, reliable, and contextually relevant advice, overcoming limitations of previous chatbots in deterministic dialogue flows, language support, and unstructured data processing. Deployed in four countries, FarmerChat has engaged over 15,000 farmers and answered over 300,000 queries. This paper highlights how FarmerChat&#39;s innovative use of GenAI enhances agricultural service scalability and effectiveness. Our evaluation, combining quantitative analysis and qualitative insights, highlights FarmerChat&#39;s effectiveness in improving farming practices, enhancing trust, response quality, and user engagement.",Digital Green; Microsoft Research India
2506.03168,Farm-LightSeek: An Edge-centric Multimodal Agricultural IoT Data Analytics Framework with Lightweight LLMs,2025,Agriculture,https://arxiv.org/abs/2506.03168,Edge-deployed lightweight LLMs for agricultural IoT data analytics,"Amid the challenges posed by global population growth and climate change, traditional agricultural Internet of Things (IoT) systems is currently undergoing a significant digital transformation to facilitate efficient big data processing. While smart agriculture utilizes artificial intelligence (AI) technologies to enable precise control, it still encounters significant challenges, including excessive reliance on agricultural expert knowledge, difficulties in fusing multimodal data, poor adaptability to dynamic environments, and bottlenecks in real-time decision-making at the edge. Large language models (LLMs), with their exceptional capabilities in knowledge acquisition and semantic understanding, provide a promising solution to address these challenges. To this end, we propose Farm-LightSeek, an edge-centric multimodal agricultural IoT data analytics framework that integrates LLMs with edge computing. This framework collects real-time farmland multi-source data (images, weather, geographic information) via sensors, performs cross-modal reasoning and disease detection at edge nodes, conducts low-latency management decisions, and enables cloud collaboration for model updates. The main innovations of Farm-LightSeek include: (1) an agricultural &#34;perception-decision-action&#34; closed-loop architecture; (2) cross-modal adaptive monitoring; and (3)a lightweight LLM deployment strategy balancing performance and efficiency. Experiments conducted on two real-world datasets demonstrate that Farm-LightSeek consistently achieves reliable performance in mission-critical tasks, even under the limitations of edge computing resources. This work advances intelligent real-time agricultural solutions and highlights the potential for deeper integration of agricultural IoT with LLMs.",Wuhan University of Technology; Swinburne University of Technology; Tongji University; La Trobe University
2507.16974,Leveraging Synthetic Data for Question Answering with Multilingual LLMs in the Agricultural Domain,2025,Agriculture,https://arxiv.org/abs/2507.16974,Synthetic QA generation in English/Hindi/Punjabi for agricultural knowledge access,"Enabling farmers to access accurate agriculture-related information in their native languages in a timely manner is crucial for the success of the agriculture field. Publicly available general-purpose Large Language Models (LLMs) typically offer generic agriculture advisories, lacking precision in local and multilingual contexts. Our study addresses this limitation by generating multilingual (English, Hindi, Punjabi) synthetic datasets from agriculture-specific documents from India and fine-tuning LLMs for the task of question answering (QA). Evaluation on human-created datasets demonstrates significant improvements in factuality, relevance, and agricultural consensus for the fine-tuned LLMs compared to the baseline counterparts.",CSIR-Central Scientific Instruments Organisation; Academy of Scientific and Innovative Research; Massey University
2505.06004,Exploring the Feasibility of Multilingual Grammatical Error Correction with a Single LLM up to 9B parameters,2025,Education,https://arxiv.org/abs/2505.06004,Comparing 17 small models (up to 9B) for multilingual GEC across multiple languages,"Recent language models can successfully solve various language-related tasks, and many understand inputs stated in different languages. In this paper, we explore the performance of 17 popular models used to correct grammatical issues in texts stated in English, German, Italian, and Swedish when using a single model to correct texts in all those languages. We analyze the outputs generated by these models, focusing on decreasing the number of grammatical errors while keeping the changes small. The conclusions drawn help us understand what problems occur among those models and which models can be recommended for multilingual grammatical error correction tasks. We list six models that improve grammatical correctness in all four languages and show that Gemma 9B is currently the best performing one for the languages considered.",Laniqo.com; Poznan University of Technology; Adam Mickiewicz University
2410.15539,Grammatical Error Correction for Low-Resource Languages: The Case of Zarma,2024,Education,https://arxiv.org/abs/2410.15539,QLoRA-quantized Gemma/MT5-small/M2M100 for GEC in Zarma (Niger),"Grammatical error correction (GEC) aims to improve text quality and readability. Previous work on the task focused primarily on high-resource languages, while low-resource languages lack robust tools. To address this shortcoming, we present a study on GEC for Zarma, a language spoken by over five million people in West Africa. We compare three approaches: rule-based methods, machine translation (MT) models, and large language models (LLMs). We evaluated GEC models using a dataset of more than 250,000 examples, including synthetic and human-annotated data. Our results showed that the MT-based approach using M2M100 outperforms others, with a detection rate of 95.82% and a suggestion accuracy of 78.90% in automatic evaluations (AE) and an average score of 3.0 out of 5.0 in manual evaluation (ME) from native speakers for grammar and logical corrections. The rule-based method was effective for spelling errors but failed on complex context-level errors. LLMs -- Gemma 2b and MT5-small -- showed moderate performance. Our work supports use of MT models to enhance GEC in low-resource settings, and we validated these results with Bambara, another West African language.",Rochester Institute of Technology; Ashesi University; George Mason University
2504.17720,Multilingual Performance Biases of Large Language Models in Education,2025,Education,https://arxiv.org/abs/2504.17720,Empirical study of LLM performance gaps across languages in tutoring and assessment tasks,"Large language models (LLMs) are increasingly being adopted in educational settings. These applications expand beyond English, though current LLMs remain primarily English-centric. In this work, we ascertain if their use in education settings in non-English languages is warranted. We evaluated the performance of popular LLMs on four educational tasks: identifying student misconceptions, providing targeted feedback, interactive tutoring, and grading translations in eight languages (Mandarin, Hindi, Arabic, German, Farsi, Telugu, Ukrainian, Czech) in addition to English. We find that the performance on these tasks somewhat corresponds to the amount of language represented in training data, with lower-resource languages having poorer task performance. Although the models perform reasonably well in most languages, the frequent performance drop from English is significant. Thus, we recommend that practitioners first verify that the LLM works well in the target language for their educational task before deployment.",ETH Zurich; Bocconi University
2110.12010,ClimateBERT: A Pretrained Language Model for Climate-Related Text,2021,Climate,https://arxiv.org/abs/2110.12010,DistilRoBERTa-based efficient climate text classifier with 48% improvement on climate tasks,"Over the recent years, large pretrained language models (LM) have revolutionized the field of natural language processing (NLP). However, while pretraining on general language has been shown to work very well for common language, it has been observed that niche language poses problems. In particular, climate-related texts include specific language that common LMs can not represent accurately. We argue that this shortcoming of today&#39;s LMs limits the applicability of modern NLP to the broad field of text processing of climate-related texts. As a remedy, we propose CLIMATEBERT, a transformer-based language model that is further pretrained on over 2 million paragraphs of climate-related texts, crawled from various sources such as common news, research articles, and climate reporting of companies. We find that CLIMATEBERT leads to a 48% improvement on a masked language model objective which, in turn, leads to lowering error rates by 3.57% to 35.71% for various climate-related downstream tasks like text classification, sentiment analysis, and fact-checking.",ETH Zurich; FAU Erlangen-Nurnberg; University of Zurich
2401.06817,Analyzing Regional Impacts of Climate Change using Natural Language Processing Techniques,2024,Climate,https://arxiv.org/abs/2401.06817,Multilingual NLP pipeline for extracting geographic-specific climate trends,"Understanding the multifaceted effects of climate change across diverse geographic locations is crucial for timely adaptation and the development of effective mitigation strategies. As the volume of scientific literature on this topic continues to grow exponentially, manually reviewing these documents has become an immensely challenging task. Utilizing Natural Language Processing (NLP) techniques to analyze this wealth of information presents an efficient and scalable solution. By gathering extensive amounts of peer-reviewed articles and studies, we can extract and process critical information about the effects of climate change in specific regions. We employ BERT (Bidirectional Encoder Representations from Transformers) for Named Entity Recognition (NER), which enables us to efficiently identify specific geographies within the climate literature. This, in turn, facilitates location-specific analyses. We conduct region-specific climate trend analyses to pinpoint the predominant themes or concerns related to climate change within a particular area, trace the temporal progression of these identified issues, and evaluate their frequency, severity, and potential development over time. These in-depth examinations of location-specific climate data enable the creation of more customized policy-making, adaptation, and mitigation strategies, addressing each region&#39;s unique challenges and providing more effective solutions rooted in data-driven insights. This approach, founded on a thorough exploration of scientific texts, offers actionable insights to a wide range of stakeholders, from policymakers to engineers to environmentalists. By proactively understanding these impacts, societies are better positioned to prepare, allocate resources wisely, and design tailored strategies to cope with future climate conditions, ensuring a more resilient future for all.",Argonne National Laboratory
2505.18653,Climate-Eval: A Comprehensive Benchmark for NLP Tasks Related to Climate Change,2025,Climate,https://arxiv.org/abs/2505.18653,Benchmarking small models (Gemma-2 2B to 24B) on climate NLP tasks,"Climate-Eval is a comprehensive benchmark designed to evaluate natural language processing models across a broad range of tasks related to climate change. Climate-Eval aggregates existing datasets along with a newly developed news classification dataset, created specifically for this release. This results in a benchmark of 25 tasks based on 13 datasets, covering key aspects of climate discourse, including text classification, question answering, and information extraction. Our benchmark provides a standardized evaluation suite for systematically assessing the performance of large language models (LLMs) on these tasks. Additionally, we conduct an extensive evaluation of open-source LLMs (ranging from 2B to 70B parameters) in both zero-shot and few-shot settings, analyzing their strengths and limitations in the domain of climate change.",RISE Research Institutes of Sweden; Uppsala University; Swedish Centre for Impacts of Climate Extremes
2410.13456,Unlocking Legal Knowledge: A Multilingual Dataset for Judicial Summarization in Switzerland,2024,Legal,https://arxiv.org/abs/2410.13456,20K Swiss court rulings with summaries in German/French/Italian,"Legal research depends on headnotes: concise summaries that help lawyers quickly identify relevant cases. Yet, many court decisions lack them due to the high cost of manual annotation. To address this gap, we introduce the Swiss Landmark Decisions Summarization (SLDS) dataset containing 20K rulings from the Swiss Federal Supreme Court, each with headnotes in German, French, and Italian. SLDS has the potential to significantly improve access to legal information and transform legal research in Switzerland. We fine-tune open models (Qwen2.5, Llama 3.2, Phi-3.5) and compare them to larger general-purpose and reasoning-tuned LLMs, including GPT-4o, Claude 3.5 Sonnet, and the open-source DeepSeek R1. Using an LLM-as-a-Judge framework, we find that fine-tuned models perform well in terms of lexical similarity, while larger models generate more legally accurate and coherent summaries. Interestingly, reasoning-focused models show no consistent benefit, suggesting that factual precision is more important than deep reasoning in this task. We release SLDS under a CC BY 4.0 license to support future research in cross-lingual legal summarization.",University of Bern; Bern University of Applied Sciences; Stanford University; University of Fribourg
2403.04454,Low-Resource Court Judgment Summarization for Common Law Systems,2024,Legal,https://arxiv.org/abs/2403.04454,CLSum: LLM-augmented court judgment summarization for multi-jurisdictional systems,"Common law courts need to refer to similar precedents&#39; judgments to inform their current decisions. Generating high-quality summaries of court judgment documents can facilitate legal practitioners to efficiently review previous cases and assist the general public in accessing how the courts operate and how the law is applied. Previous court judgment summarization research focuses on civil law or a particular jurisdiction&#39;s judgments. However, judges can refer to the judgments from all common law jurisdictions. Current summarization datasets are insufficient to satisfy the demands of summarizing precedents across multiple jurisdictions, especially when labeled data are scarce for many jurisdictions. To address the lack of datasets, we present CLSum, the first dataset for summarizing multi-jurisdictional common law court judgment documents. Besides, this is the first court judgment summarization work adopting large language models (LLMs) in data augmentation, summary generation, and evaluation. Specifically, we design an LLM-based data augmentation method incorporating legal knowledge. We also propose a legal knowledge enhanced evaluation metric based on LLM to assess the quality of generated judgment summaries. Our experimental results verify that the LLM-based summarization methods can perform well in the few-shot and zero-shot settings. Our LLM-based data augmentation method can mitigate the impact of low data resources. Furthermore, we carry out comprehensive comparative experiments to find essential model components and settings that are capable of enhancing summarization performance.",The Hong Kong Polytechnic University; University of Technology Sydney
2312.09508,IndicIRSuite: Multilingual Dataset and Neural Information Models for Indian Languages,2023,Information Retrieval,https://arxiv.org/abs/2312.09508,Indic-ColBERT: 11 monolingual neural IR models for Indian languages,"In this paper, we introduce Neural Information Retrieval resources for 11 widely spoken Indian Languages (Assamese, Bengali, Gujarati, Hindi, Kannada, Malayalam, Marathi, Oriya, Punjabi, Tamil, and Telugu) from two major Indian language families (Indo-Aryan and Dravidian). These resources include (a) INDIC-MARCO, a multilingual version of the MSMARCO dataset in 11 Indian Languages created using Machine Translation, and (b) Indic-ColBERT, a collection of 11 distinct Monolingual Neural Information Retrieval models, each trained on one of the 11 languages in the INDIC-MARCO dataset. To the best of our knowledge, IndicIRSuite is the first attempt at building large-scale Neural Information Retrieval resources for a large number of Indian languages, and we hope that it will help accelerate research in Neural IR for Indian Languages. Experiments demonstrate that Indic-ColBERT achieves 47.47% improvement in the MRR@10 score averaged over the INDIC-MARCO baselines for all 11 Indian languages except Oriya, 12.26% improvement in the NDCG@10 score averaged over the MIRACL Bengali and Hindi Language baselines, and 20% improvement in the MRR@100 Score over the this http URL Bengali Language baseline. IndicIRSuite is available at this https URL",IIT Bombay
2507.14215,Developing an AI-Guided Assistant Device for the Deaf and Hearing Impaired,2025,Accessibility,https://arxiv.org/abs/2507.14215,On-device AI assistant for deaf/hearing-impaired with real-time multilingual speech-to-text,"This study aims to develop a deep learning system for an accessibility device for the deaf or hearing impaired. The device will accurately localize and identify sound sources in real time. This study will fill an important gap in current research by leveraging machine learning techniques to target the underprivileged community. The system includes three main components. 1. JerryNet: A custom designed CNN architecture that determines the direction of arrival (DoA) for nine possible directions. 2. Audio Classification: This model is based on fine-tuning the Contrastive Language-Audio Pretraining (CLAP) model to identify the exact sound classes only based on audio. 3. Multimodal integration model: This is an accurate sound localization model that combines audio, visual, and text data to locate the exact sound sources in the images. The part consists of two modules, one object detection using Yolov9 to generate all the bounding boxes of the objects, and an audio visual localization model to identify the optimal bounding box using complete Intersection over Union (CIoU). The hardware consists of a four-microphone rectangular formation and a camera mounted on glasses with a wristband for displaying necessary information like direction. On a custom collected data set, JerryNet achieved a precision of 91. 1% for the sound direction, outperforming all the baseline models. The CLAP model achieved 98.5% and 95% accuracy on custom and AudioSet datasets, respectively. The audio-visual localization model within component 3 yielded a cIoU of 0.892 and an AUC of 0.658, surpassing other similar models. There are many future potentials to this study, paving the way to creating a new generation of accessibility devices.",Unknown
